<!-- Animation frames are wheel0.png through wheel5.png
    files inside the res/drawable/ folder -->
<animation-list
    xmlns:android="http://schemas.android.com/apk/res/android"
    android:id="@+id/selected"
    android:oneshot="false"
>
    <item android:drawable="@drawable/imagem_0" android:duration="50" />
    <item android:drawable="@drawable/imagem_1" android:duration="50" />
    <item android:drawable="@drawable/imagem_2" android:duration="50" />
    <item android:drawable="@drawable/imagem_3" android:duration="50" />
    <item android:drawable="@drawable/imagem_4" android:duration="50" />
    <item android:drawable="@drawable/imagem_5" android:duration="50" />
    <item android:drawable="@drawable/imagem_6" android:duration="50" />
    <item android:drawable="@drawable/imagem_7" android:duration="50" />
    <item android:drawable="@drawable/imagem_8" android:duration="50" />
    <item android:drawable="@drawable/imagem_9" android:duration="50" />
    <item android:drawable="@drawable/imagem_10" android:duration="50" />
    <item android:drawable="@drawable/imagem_11" android:duration="50" />
    <item android:drawable="@drawable/imagem_12" android:duration="50" />
    <item android:drawable="@drawable/imagem_13" android:duration="50" />
    <item android:drawable="@drawable/imagem_14" android:duration="50" />
    <item android:drawable="@drawable/imagem_15" android:duration="50" />
    <item android:drawable="@drawable/imagem_16" android:duration="50" />
    <item android:drawable="@drawable/imagem_17" android:duration="50" />
    <item android:drawable="@drawable/imagem_18" android:duration="50" />
    <item android:drawable="@drawable/imagem_19" android:duration="50" />

</animation-list>